epoch,time,train/box_loss,train/cls_loss,train/dfl_loss,metrics/precision(B),metrics/recall(B),metrics/mAP50(B),metrics/mAP50-95(B),val/box_loss,val/cls_loss,val/dfl_loss,lr/pg0,lr/pg1,lr/pg2
1,2.59732,1.01564,3.09708,1.04527,0.00333,0.14458,0.00556,0.00498,1.00192,3.46241,0.91457,4e-05,4e-05,4e-05
2,2.98387,1.01029,3.16433,1.04451,0.00306,0.13253,0.00504,0.00452,1.01727,3.45944,0.91826,9.85857e-05,9.85857e-05,9.85857e-05
3,3.46648,0.81418,2.9752,1.0487,0.01917,0.83133,0.12112,0.10705,0.90988,3.35907,0.84685,0.000155474,0.000155474,0.000155474
4,3.90057,0.67929,1.77493,1.00099,0.02139,0.92771,0.12868,0.11523,0.98333,3.2199,0.84833,0.000210666,0.000210666,0.000210666
5,4.32178,0.63077,1.03545,0.86582,0.74453,0.09639,0.12396,0.10862,0.86221,3.11209,0.82447,0.00026416,0.00026416,0.00026416
6,4.71879,0.78402,1.04039,0.93334,0.02111,0.91566,0.12144,0.10193,0.87373,3.17235,0.83358,0.000315957,0.000315957,0.000315957
7,5.12325,0.71524,0.93336,0.9175,0.81061,0.09639,0.12015,0.10226,0.86358,3.16026,0.83234,0.000366057,0.000366057,0.000366057
8,5.52007,0.71822,0.90371,0.8667,0.84519,0.09639,0.12095,0.10604,0.86735,3.1433,0.83402,0.00041446,0.00041446,0.00041446
9,5.91729,0.63766,0.9854,0.96823,0.96254,0.09639,0.12055,0.10605,0.806,3.13811,0.83295,0.000461166,0.000461166,0.000461166
10,6.30611,0.59327,0.89777,0.9317,0.96416,0.09639,0.12171,0.10921,0.80294,3.12104,0.82878,0.000506174,0.000506174,0.000506174
11,6.70899,0.58885,0.84864,0.90779,0.97507,0.09639,0.12683,0.11328,0.83545,3.10751,0.82799,0.000549486,0.000549486,0.000549486
12,7.1011,0.69065,0.87905,0.91835,0.95641,0.09639,0.12598,0.11188,0.88734,3.14982,0.8347,0.0005911,0.0005911,0.0005911
13,7.50188,0.65215,0.82619,0.9086,0.95855,0.09639,0.12683,0.1092,0.8616,3.03722,0.8355,0.000631017,0.000631017,0.000631017
14,7.89731,0.73828,0.81165,0.90395,0.94617,0.09639,0.12603,0.10898,0.79668,3.00171,0.83334,0.000669237,0.000669237,0.000669237
15,8.29574,0.62827,0.80954,0.91705,0.91545,0.09639,0.11785,0.10249,0.84935,3.04439,0.85841,0.00070576,0.00070576,0.00070576
16,8.73875,0.55399,0.83654,0.89995,1,0.07288,0.11331,0.10174,0.83804,3.10559,0.86376,0.000740586,0.000740586,0.000740586
17,9.13528,0.64582,0.76055,0.90651,0.95721,0.09639,0.13333,0.11163,1.03523,2.77599,0.86348,0.000773714,0.000773714,0.000773714
18,9.52871,0.69476,0.85642,0.89236,0.955,0.09639,0.13346,0.11106,1.11749,2.7565,0.87348,0.000805146,0.000805146,0.000805146
19,9.91813,0.62845,0.91645,0.93079,0.95446,0.09639,0.13155,0.11481,0.96893,2.84339,0.84841,0.00083488,0.00083488,0.00083488
20,10.3078,0.53105,0.86429,0.93536,0.99021,0.09639,0.12977,0.11448,0.84687,2.71902,0.83946,0.000862917,0.000862917,0.000862917
21,10.7022,0.64237,0.81743,0.90818,0.8884,0.09639,0.16225,0.14097,0.82353,2.45817,0.84405,0.000889257,0.000889257,0.000889257
22,11.0989,0.51729,0.82918,0.92047,0.69472,0.10843,0.45039,0.35239,0.85777,2.26913,0.85171,0.0009139,0.0009139,0.0009139
23,11.5001,0.56535,0.74569,0.9174,0.63052,0.13253,0.52255,0.42204,0.81652,2.2043,0.85449,0.000936846,0.000936846,0.000936846
24,11.91,0.58318,0.78565,0.94301,0.85647,0.13253,0.56544,0.4477,0.81282,2.18246,0.85514,0.000958094,0.000958094,0.000958094
25,12.3104,0.67953,0.71883,0.90435,1,0.1567,0.68182,0.5295,0.86038,2.11109,0.85598,0.000977646,0.000977646,0.000977646
26,12.7141,0.62538,0.79041,0.91204,1,0.18517,0.66965,0.5049,0.89455,2.03568,0.85782,0.0009955,0.0009955,0.0009955
27,13.1061,0.62098,0.71288,0.89973,0.86335,0.21687,0.68886,0.51001,0.92908,1.92335,0.87356,0.00101166,0.00101166,0.00101166
28,13.5511,0.57294,0.71738,0.96517,0.87988,0.26478,0.70711,0.5567,0.85286,1.8439,0.86749,0.00102612,0.00102612,0.00102612
29,13.9625,0.63138,0.65146,0.88348,0.87988,0.26478,0.70711,0.5567,0.85286,1.8439,0.86749,0.00103888,0.00103888,0.00103888
30,14.3677,0.60991,0.67286,0.89616,0.89771,0.31731,0.77287,0.6351,0.72887,1.8041,0.84407,0.00104995,0.00104995,0.00104995
31,14.7736,0.72257,0.65697,0.92714,0.92887,0.31472,0.82258,0.66219,0.76129,1.81371,0.85158,0.00105931,0.00105931,0.00105931
32,15.182,0.66348,0.67348,0.87601,0.856,0.42979,0.79899,0.59875,0.90653,1.78698,0.87511,0.00106699,0.00106699,0.00106699
33,15.5716,0.60399,0.69032,0.90031,0.856,0.42979,0.79899,0.59875,0.90653,1.78698,0.87511,0.00107296,0.00107296,0.00107296
34,15.973,0.59942,0.62564,0.87017,0.84125,0.51081,0.79428,0.55717,0.98156,1.64179,0.89314,0.00106657,0.00106657,0.00106657
35,16.3706,0.57822,0.6558,0.86675,0.81958,0.68675,0.82641,0.61934,0.87325,1.35179,0.87643,0.00103829,0.00103829,0.00103829
36,16.7631,0.55236,0.71006,0.92328,0.87832,0.69575,0.84975,0.67743,0.76643,1.25761,0.86008,0.00101,0.00101,0.00101
37,17.1582,0.56027,0.5709,0.86298,0.87832,0.69575,0.84975,0.67743,0.76643,1.25761,0.86008,0.000981714,0.000981714,0.000981714
38,17.5605,0.53862,0.60679,0.9148,0.94097,0.76826,0.88824,0.70769,0.79369,1.15171,0.86977,0.000953429,0.000953429,0.000953429
39,17.9653,0.51753,0.57754,0.85664,0.94558,0.83749,0.91629,0.68923,0.86666,1.07264,0.88039,0.000925143,0.000925143,0.000925143
40,18.4095,0.52797,0.64671,0.93789,0.93403,0.85301,0.92182,0.69428,0.91088,0.97443,0.87893,0.000896857,0.000896857,0.000896857
41,18.7957,0.56264,0.58409,0.89245,0.93403,0.85301,0.92182,0.69428,0.91088,0.97443,0.87893,0.000868571,0.000868571,0.000868571
42,19.1927,0.53466,0.58156,0.89413,0.89229,0.92771,0.90536,0.71151,0.85056,0.84621,0.86855,0.000840286,0.000840286,0.000840286
43,19.5982,0.48779,0.58201,0.88102,0.93191,0.95181,0.94834,0.74894,0.72379,0.75197,0.84806,0.000812,0.000812,0.000812
44,20.0015,0.48508,0.67835,0.93667,0.93212,0.95181,0.95217,0.75798,0.67189,0.74831,0.83692,0.000783714,0.000783714,0.000783714
45,20.4013,0.59472,0.58351,0.88189,0.93212,0.95181,0.95217,0.75798,0.67189,0.74831,0.83692,0.000755429,0.000755429,0.000755429
46,20.8036,0.55565,0.59321,0.89972,0.95908,0.95181,0.95169,0.78393,0.65168,0.74873,0.83451,0.000727143,0.000727143,0.000727143
47,21.2145,0.53059,0.59037,0.88522,0.96897,0.95181,0.95292,0.79359,0.61272,0.66887,0.83525,0.000698857,0.000698857,0.000698857
48,21.6197,0.56664,0.57884,0.87037,0.945,0.93976,0.93523,0.77437,0.64566,0.58578,0.83743,0.000670571,0.000670571,0.000670571
49,22.0097,0.45966,0.51835,0.84255,0.945,0.93976,0.93523,0.77437,0.64566,0.58578,0.83743,0.000642286,0.000642286,0.000642286
50,22.4062,0.53528,0.5827,0.88606,0.93193,0.92771,0.93638,0.74804,0.73322,0.56849,0.84235,0.000614,0.000614,0.000614
51,22.8008,0.57442,0.58953,0.87613,0.93332,0.92771,0.93638,0.75033,0.76109,0.5534,0.84269,0.000585714,0.000585714,0.000585714
52,23.252,0.60732,0.53023,0.84605,0.93778,0.93976,0.94478,0.76898,0.6884,0.5482,0.83698,0.000557429,0.000557429,0.000557429
53,23.6411,0.51921,0.57858,0.88132,0.93778,0.93976,0.94478,0.76898,0.6884,0.5482,0.83698,0.000529143,0.000529143,0.000529143
54,24.0342,0.47795,0.55235,0.86943,0.94007,0.945,0.93998,0.78586,0.62475,0.5218,0.83187,0.000500857,0.000500857,0.000500857
55,24.4268,0.45256,0.55073,0.88557,0.9287,0.94166,0.94187,0.78826,0.61954,0.51893,0.8344,0.000472571,0.000472571,0.000472571
56,24.8236,0.48893,0.56047,0.87149,0.94113,0.93976,0.94627,0.80421,0.60098,0.53428,0.83117,0.000444286,0.000444286,0.000444286
57,25.2233,0.46573,0.52195,0.85993,0.94113,0.93976,0.94627,0.80421,0.60098,0.53428,0.83117,0.000416,0.000416,0.000416
58,25.6217,0.38282,0.59549,0.90047,0.94716,0.95181,0.95901,0.80617,0.57393,0.51387,0.82416,0.000387714,0.000387714,0.000387714
59,26.0286,0.4158,0.52062,0.86447,0.91797,0.94382,0.95306,0.80813,0.56953,0.49069,0.8227,0.000359429,0.000359429,0.000359429
60,26.435,0.4324,0.50729,0.8781,0.93983,0.94102,0.95704,0.7993,0.60346,0.48061,0.82499,0.000331143,0.000331143,0.000331143
61,27.3819,0.33922,0.59303,0.83117,0.93983,0.94102,0.95704,0.7993,0.60346,0.48061,0.82499,0.000302857,0.000302857,0.000302857
62,27.803,0.32037,0.57512,0.83029,0.93153,0.93976,0.95629,0.79603,0.60576,0.4724,0.82532,0.000274571,0.000274571,0.000274571
63,28.1952,0.33303,0.57175,0.81443,0.93195,0.93976,0.95732,0.78613,0.60907,0.46929,0.82682,0.000246286,0.000246286,0.000246286
64,28.5852,0.30095,0.60416,0.8164,0.95686,0.95181,0.97381,0.80226,0.60927,0.47433,0.82798,0.000218,0.000218,0.000218
65,29.0497,0.33884,0.56442,0.79358,0.95686,0.95181,0.97381,0.80226,0.60927,0.47433,0.82798,0.000189714,0.000189714,0.000189714
66,29.4407,0.33572,0.59605,0.79621,0.94966,0.95181,0.9689,0.80815,0.59277,0.47532,0.82728,0.000161429,0.000161429,0.000161429
67,29.8437,0.37847,0.61997,0.76736,0.95211,0.95819,0.96937,0.80714,0.57189,0.46667,0.82543,0.000133143,0.000133143,0.000133143
68,30.2391,0.30074,0.5587,0.79155,0.93294,0.93976,0.94535,0.80527,0.56588,0.46442,0.82687,0.000104857,0.000104857,0.000104857
69,30.624,0.31421,0.54774,0.76996,0.93294,0.93976,0.94535,0.80527,0.56588,0.46442,0.82687,7.65714e-05,7.65714e-05,7.65714e-05
70,31.0156,0.33837,0.58892,0.78423,0.93204,0.93976,0.94486,0.80993,0.55948,0.46616,0.82635,4.82857e-05,4.82857e-05,4.82857e-05
